{
    "author": "JetBrains",
    "classifications": [
        "Xamarin.Forms",
        "cross-platform",
        "library"
    ],
    "name": "Library",
    "defaultName": "XamarinFormsLibrary1",
    "classifications": ["CrossPlatform", "XamarinForms", "Library"],
    "identity": "JetBrains.CrossPlatform.Xamarin.Forms.Library",
    "shortName": "jbxamarinformslib",
    "tags": {
        "type": "project",
        "language": "C#",
        "platform": "Xamarin",
        "xamarinPlatform": "Xamarin Forms"
    },
    "sourceName": "CrossPlatformXamarinFormsLibrary",
    "preferNameDirectory": "true",
    "symbols": {
    	"Framework": {
            "type": "parameter",
            "description": "The target framework for the project.",
            "datatype": "text",
            "replaces": "netstandard2.0",
            "isRequired": "true",
            "defaultValue": "<NetStandardFramework>"
        },
        "XamarinFormsSdk": {
            "type": "parameter",
            "dataType": "string",
            "replaces": "XamarinFormsSdk",
            "defaultValue": "3.3.0.912540"
        }
    },
    "primaryOutputs": [
        { "path": "CrossPlatformXamarinFormsLibrary.csproj" },
        { "path": "MainPage.xaml" }
    ],
    "postActions": [
        {
            "description": "Opens MainPage.xaml in the editor",
            "manualInstructions": [],
            "actionId": "84C0DA21-51C8-4541-9940-6CA19AF04EE6",
            "args": {
                "files": "1"
            },
            "continueOnError": true
        },
        {
            "description": "Restore NuGet packages required by this project.",
            "manualInstructions": [],
            "actionId": "210D431B-A78B-4D2F-B762-4ED3E3EA9025",
            "continueOnError": true
        }
    ]
}
