﻿<?xml version="1.0" encoding="utf-8"?>

<tutorial>
  <currentStep>1</currentStep>
  <title>VCS Basics</title>

  <steps>
    <step li="1">
      <navigate runMethod="JetBrains.RiderTutorials.CodeNavigator.VideoTutorialsNavigation.NavigateTutorialVcsBasics"/>
      <text>
        <h1 class="stepTitle">
          VCS Basics
        </h1>
        <p>
          Rider includes a full-fledged VCS client that supports all major version control systems.
          Let's take Git as an example and walk through basic VCS features -
          we'll create a local Git repository for our solution, start tracking changes in our code,
          and then associate it with a remote repository so that our solution becomes available to other contributors.
        </p>
        <p>
          <b>IMPORTANT NOTES:</b>
          <ul>
            <li>
              <a href="https://dotnet.microsoft.com/download/dotnet-core/2.1" class="externalLink">.NET Core 2.1</a>
              must be installed on your machine.
            </li>
            <li>
              The tutorial uses its own sample solution, which does not affect your Rider configuration in any way.
            </li>
            <li>
              Please follow the instructions provided, avoiding actions other than those suggested at each step.
            </li>
          </ul>
        </p>
        <button class="nextButton" onclick="buttonClick()">Start</button>
      </text>
    </step>

    <step li="2">
      <navigate runMethod="JetBrains.RiderTutorials.CodeNavigator.VideoTutorialsNavigation.NavigateTutorialVcsBasics"/>
      <text>
        <h1 class="stepTitle">
          Get Git
        </h1>
        <p>
          If you have ever worked with Git on your machine, you can skip this step - Git is already installed and Rider
          will find it automatically.
        </p>
        <p>
          Otherwise, download Git from the official page
          (<a class="externalLink" href="https://git-scm.com/downloads">https://git-scm.com/downloads</a>) and run the installer.
        </p>
        <p>
          To be sure that Rider has found the Git executable, go to
          <span class="menuItem">Version Control | Git</span>
          settings page. In most cases, you will see the detected path, but
          if your system environment is customized and the Git path is empty, specify the path manually.
          Once you have the correct path, click <span class="menuItem">Test</span>.
        </p>

        <p>
          <video autoplay="" >
            <source src="RiderTutorials.VCSBasics1.mp4" />
          </video>
        </p>

        <button id="backButton">Back</button>
        <button class="nextButton" onclick="buttonClick()">Next</button>
      </text>
    </step>

    <step li="3">
      <navigate runMethod="JetBrains.RiderTutorials.CodeNavigator.VideoTutorialsNavigation.NavigateTutorialVcsBasics"/>
      <text>
        <h1 class="stepTitle">
          Create a Git repository
        </h1>
        <p>
          To version your solution with Git,
          you need to create a Git repository at the root directory of your solution.
          Rider can do that for you.
        </p>

        <ol>
          <li>
            Choose
            <span class="menuItem">VCS | Enable Version Control Integration</span>
            from the menu.
          </li>
          <li>
            Select
            <span class="menuItem">Git</span>
            as the version control system and click <span class="menuItem">OK</span>.
          </li>
        </ol>

        <p>
          <video autoplay="" >
            <source src="RiderTutorials.VCSBasics2.mp4" />
          </video>
        </p>

        <button id="backButton">Back</button>
        <button class="nextButton" onclick="buttonClick()">Next</button>
      </text>
    </step>

    <step li="4">
      <navigate runMethod="JetBrains.RiderTutorials.CodeNavigator.VideoTutorialsNavigation.NavigateTutorialVcsBasics"/>
      <text>
        <h1 class="stepTitle">
          Decide what you want to version
        </h1>
        <p>
          As soon as your solution is associated with a Git repository, you can start versioning your code.
        </p>
        <ol>
          <li>
            The first place to go is the
            <span class="menuItem">Local Changes</span>
            tab of the Version Control window.
            You will see all your project files under <span class="menuItem">Unversioned Files</span>.
          </li>
          <li>
            Group the files by directory to visualize your directory structure.
          </li>
          <li>
            Ignore files and directories that you don't want to version. These normally include
            <code>bin</code>
            and
            <code>obj</code>
            project directories as well as
            <code>DotSettings.user</code>
            file with user-specific settings.
          </li>
          <li>
            It is recommended to version - that is, not to ignore -
            project settings files that you see under the <code>.idea</code> directory.
          </li>
        </ol>
        <p>
          <video autoplay="" >
            <source src="RiderTutorials.VCSBasics3.mp4" />
          </video>
        </p>
        <p>
          <b>Tip:</b>
          You can view the list of ignored items and stop ignoring them on the
          <span class="menuItem">Version Control | Ignored Files</span>
          settings page.
        </p>

        <button id="backButton">Back</button>
        <button class="nextButton" onclick="buttonClick()">Next</button>
      </text>
    </step>

    <step li="5">
      <navigate runMethod="JetBrains.RiderTutorials.CodeNavigator.VideoTutorialsNavigation.NavigateTutorialVcsBasics"/>
      <text>
        <h1 class="stepTitle">
          Commit your changes
        </h1>
        <p>
          Unversioned files are not tracked. To log the addition of a new file in Git, 
          you need to add the file (or, using the Git terms, to stage it) and then to commit it to the repository. 
          In Rider, you can do these two things as one command - that is, you can commit unstaged files - 
          but we'll do it with two separate commands to better understand file states.
        </p>
        <ol>
          <li>
            Right-click a file or directory that you want to stage (in our case it's the entire
            <span class="menuItem">Unversioned Files</span> node) and choose
            <span class="menuItem">Add to VCS</span> from the context menu.
          </li>
          <li>
            Notice the change of the file color. Brown means unstaged, green means newly staged for commit.
          </li>
          <li>
            Now when all the files are staged, click <span class="menuItem">Commit</span> or press
            <shortcut>CheckinProject</shortcut>  - 
            this will log the snapshot of the current solution state
            in Git and we'll be able to return to this snapshot at any time in the future.
          </li>
          <li>
            In the dialog that opens, review the committed items and provide a meaningful commit message.
          </li>
          <li>
            Click <span class="menuItem">Commit</span> in the dialog.
            You will see that there are no more untracked changes - everything is saved in your Git repository.
          </li>
        </ol>
        <p>
          <video autoplay="" >
            <source src="RiderTutorials.VCSBasics4.mp4" />
          </video>
        </p>
        <button id="backButton">Back</button>
        <button class="nextButton" onclick="buttonClick()">Next</button>
      </text>
    </step>

    <step li="6">
      <navigate runMethod="JetBrains.RiderTutorials.CodeNavigator.VideoTutorialsNavigation.NavigateTutorialVcsBasics"/>
      <text>
        <h1 class="stepTitle">
          Tracking changes
        </h1>
        <p>
          When your code is under a VCS, you can always see what and how is changing.
        </p>
        <ol>
          <li>Make an edit and you will notice a blue gutter mark notifying you that the line is changed.</li>
          <li>
            Click the gutter mark to see what was different before the change. You can click 
            <span class="menuItem">Rollback Lines</span> to revert the edit.
          </li>
          <li>
            All tracked and modified files will appear in blue in the
            <span class="menuItem">Local Changes</span>
            tab of the Version Control window.
            You can open the diff preview and check changes for the selected file.            
          </li>
          <li>
            If you are happy with the changes, click <span class="menuItem">Commit</span> or press
            <shortcut>CheckinProject</shortcut>. 
            You can review your changes once again right in the <span class="menuItem">Commit Changes</span> dialog.
          </li>
          <li>
            You can find all your commits in the
            <span class="menuItem">Log</span>
            tab of the Version Control window.
          </li>
          <li>
            When you select a commit in the history, you will see its details and all files changed in this commit. 
            You can also pick 
            <span class="menuItem">Show Diff</span> (<shortcut>ChangesView.Diff</shortcut>) 
            from the context menu of a file to see what exactly was changed in this file.
          </li>
        </ol>
        <p>
          <video autoplay="" >
            <source src="RiderTutorials.VCSBasics5.mp4" />
          </video>
        </p>
        <button id="backButton">Back</button>
        <button class="nextButton" onclick="buttonClick()">Next</button>
      </text>
    </step>

    <step li="7">
      <navigate runMethod="JetBrains.RiderTutorials.CodeNavigator.VideoTutorialsNavigation.NavigateTutorialVcsBasics"/>
      <text>
        <h1 class="stepTitle">
          Distributed storage
        </h1>
        <p>
          We have now set up our Git repository locally and this already allows us to study the history of changes
          and revert to any of the committed states.
        </p>
        <p>
          But to get the most out of Git, your local repo should be associated with a remote repo, also called origin. 
          This will additionally allow you to keep your code and its history safe if the local repo is damaged, 
          and most importantly, to collaborate with others working on the same project.
        </p>
        <p>
          Let's use GitHub - arguably the most popular Git hosting service - to create a remote repo for our example.
        </p>
        <ol>
          <li>
            Log in to github.com (you can create a free account if you don't have one)
            and switch to the <span class="menuItem">Repositories</span> view.
          </li>
          <li>
            Click <span class="menuItem">New</span>, specify any name for your repo, and then click
            <span class="menuItem">Create Repository</span>.
          </li>
          <li>
            When the repo is created, you will see its URL. Click the button next to it to copy it to the clipboard.
          </li>
          <li>
            Going back to Rider, choose <span class="menuItem">VCS | Git | Remotes</span>
            from the menu and add a new remote using the GitHub URL you copied.
          </li>
          <li>
            Choose <span class="menuItem">VCS | Git | Push</span> from the menu or press 
            <shortcut>Vcs.Push</shortcut>. 
            In the dialog that opens, you can see the list of commits you've done so far. Click
            <span class="menuItem">Push</span> in the dialog to transfer them to the remote.
          </li>
          <li>
            As soon as you provide your GitHub credentials, 
            your commits will be pushed to the remote repo that we've just created on GitHub.
          </li>
        </ol>
        <p>
          <video autoplay="" >
            <source src="RiderTutorials.VCSBasics6.mp4" />
          </video>
        </p>
        <p>
          Now you can use the GitHub repository URL to access your code from other machines 
          and to share our project with others.
        </p>
        <button id="backButton">Back</button>
        <button class="nextButton" onclick="buttonClick()">Next</button>
      </text>
    </step>

    <step li="8">
      <text>
        <h1 class="stepTitle">That's all!</h1>
        <p>
          Thanks for completing this tutorial! Take a look at other tutorials that cover
          basic Rider functionality.
        </p>
        <button id="backButton">Back</button>
        <button id="close">Close</button>
      </text>
    </step>
  </steps>

</tutorial>