﻿<?xml version="1.0" encoding="utf-8"?>

<tutorial>
  <currentStep>1</currentStep>
  <title>Debugging Basics Part I</title>

  <steps>
    <step li="1">
      <navigate runMethod="JetBrains.RiderTutorials.CodeNavigator.VideoTutorialsNavigation.NavigateTutorialDebugBasics"/>
      <text>
        <h1 class="stepTitle">
          Debugging Basics Part I
        </h1>
        <p>
          What is debugging?
          Simply put, during debugging you run your program step-by-step to localize a problem in the code. Strictly
          speaking, in Rider you run or debug not a particular project, but an associated run/debug configuration.
          A typical debugging workflow looks like follows:
        </p>
        <p>
          <ul>
            <li>Define a run/debug configuration you want to debug.</li>
            <li>Set breakpoints in the source code where the potential problem may lie.</li>
            <li>Start a debugging session.</li>
            <li>When the program execution breaks, step through your code, evaluate expressions, and set watches.</li>
            <li>Resume the debugging session to let the program run to the next
              breakpoint, if any.
            </li>
          </ul>
        </p>
        <p>
          IMPORTANT NOTES:
          <ul>
            <li>
              <a href="https://dotnet.microsoft.com/download/dotnet-core/2.1" class="externalLink">.NET Core 2.1</a>
              must be installed on your machine.
            </li>
            <li>
              The tutorial uses its own sample solution, which does not affect your Rider configuration in any way.
            </li>
            <li>
              Please follow the instructions provided, avoiding actions other than those suggested at each step.
            </li>
          </ul>
        </p>
        <button class="nextButton" onclick="buttonClick()">Start</button>
      </text>
    </step>

    <step li="2">
      <navigate runMethod="JetBrains.RiderTutorials.CodeNavigator.VideoTutorialsNavigation.NavigateTutorialDebugBasics"/>
      <text>
        <h1 class="stepTitle">
          Selecting a run/debug configuration
        </h1>
        <p>
          We have a simple application that calculates product prices including taxes. It's a .NET Core application,
          that has an associated default .NET Project run configuration. We will use it for running and debugging the
          application.
        </p>
        <ol>
          <li>
            Select the <span class="menuItem">Default</span> configuration.
          </li>
          <li>
            Run the configuration using the <span class="menuItem">Run 'Default'</span> button
            to check the output.
          </li>
        </ol>
        <p>
          <video autoplay="" poster="s2_select_config_and_run.png">
            <source src="s2_select_config_and_run.mp4" />
          </video>
        </p>
        <button id="backButton">Back</button>
        <button class="nextButton" onclick="buttonClick()">Next</button>
      </text>
    </step>

    <step li="3">
      <text>
        <h1 class="stepTitle">
          Setting a breakpoint
        </h1>
        <p>
          Let's imagine, we don't like the numbers and want to understand how the calculations are made by debugging our
          program. The first thing we have to do is to set a breakpoint: a place in code where we want our program to
          pause execution. In our program, all calculation results are shown by the
          <code>ShowPricesWithVat</code> method, so, let's put a breakpoint on the first line 
          of this method:
        </p>
        <ol>
          <li>
            Click the left gutter next to line 69 or put the cursor on line 69 and 
            press <shortcut>ToggleLineBreakpoint</shortcut>.
          </li>
          <li>
            Start debugging using the <span class="menuItem">Debug 'Default'</span> button.
          </li>
        </ol>
        <p>
          <video autoplay="" poster="s3_setting_breakpoint.png">
            <source src="s3_setting_breakpoint.mp4" />
          </video>
        </p>
        <button id="backButton">Back</button>
        <button class="nextButton" onclick="buttonClick()">Next</button>
      </text>
    </step>

    <step li="4">
      <text>
        <h1 class="stepTitle">
          The Debug window
        </h1>
        <p>
          After we run debugging, the program is paused on the breakpoint. To examine the state of the paused program,
          we use the <span class="menuItem">Debug</span> window.
          To perform a call to a function, the CLR generates call data (function location, call arguments, local
          variables, etc.) and puts it to the call stack. The debugger shows these data using 'frames':
          <ol>
            <li>
              Examine the <span class="menuItem">Debug</span> window:
              <ul>
                <li>The <span class="menuItem">Frames</span> tab on the left shows all frames in the call stack.
                </li>
                <li>The <span class="menuItem">Variables</span> table on the right shows values of call arguments and local
                  variables.
                </li>
              </ul>
            </li>
            <li>
              In the <span class="menuItem">Frames</span> tab, select a frame that corresponds to the 
              <code>Program.Main()</code> call to see its data.
            </li>
            <li>
              Return back to the <code>Program.ShowPricesWithVat()</code> frame.
            </li>
          </ol>
        </p>
        <p>
          <video autoplay="" poster="s4_debug_window.png">
            <source src="s4_debug_window.mp4" />
          </video>
        </p>
        <button id="backButton">Back</button>
        <button class="nextButton" onclick="buttonClick()">Next</button>
      </text>
    </step>

    <step li="5">
      <text>
        <h1 class="stepTitle">
          Stepping over code
        </h1>
        <p>
          During debugging we step through the program and examine variables values in the current execution point.
          There are two main ways you step through code:
          <ul>
            <li><span class="menuItem">Step Into</span> <shortcut>StepInto</shortcut>: 
              if a line of code runs a function, you step down into this
              function.
            </li>
            <li><span class="menuItem">Step Over</span> <shortcut>StepOver</shortcut>: 
              if you're not interested in the function, you skip it by
              stepping over.
            </li>
          </ul>
          Let's try both!
        </p>
        <button id="backButton">Back</button>
        <button class="nextButton" onclick="buttonClick()">Next</button>
      </text>
    </step>
    
    <step li="6">
      <text>
        <h1 class="stepTitle">
          Stepping over code
        </h1>
        <p>
          Let's begin with stepping over (use mouse or <shortcut>StepOver</shortcut>) 
          the <code>Utils.CalculateVat</code> function:
        </p>
        <ol>
          <li>
            Press <shortcut>StepOver</shortcut> or click the <span class="menuItem">Step Over</span> button
            in the <span class="menuItem">Debug</span> window.
          </li>
          <li>
            Step over the code until the execution point reaches line 75 <br/>
            <code>Console.WriteLine(...</code> <br/>
            While stepping over the code, note how values change in the <span class="menuItem">Variables</span> tab.
          </li>
        </ol>
        <p>
          <video autoplay="" poster="s6a_step_over_code.png">
            <source src="s6a_step_over_code.mp4" />
          </video>
        </p>
        <button id="backButton">Back</button>
        <button class="nextButton" onclick="buttonClick()">Next</button>
      </text>
    </step>
    
    <step li="7">
      <text>
        <h1 class="stepTitle">
          Stepping over code
        </h1>
        <ol>
          <li>
            Examine variables values in the <span class="menuItem">Variables</span> tab.
          </li>
          <li>
            Note that the values are shown not only in the <span class="menuItem">Debug</span>
            window, but also right in the editor on the same line with code.
          </li>
        </ol>
        <p>
          <video autoplay="" poster="s6b_step_over_code.png">
            <source src="s6b_step_over_code.mp4" />
          </video>
        </p>
        <button id="backButton">Back</button>
        <button class="nextButton" onclick="buttonClick()">Next</button>
      </text>
    </step>

    <step li="8">
      <text>
        <h1 class="stepTitle">
          Stepping over code
        </h1>
        <ol>
          <li>
            Press <shortcut>StepOver</shortcut> or click the <span class="menuItem">Step Over</span> button
            in the <span class="menuItem">Debug</span> window.
          </li>
          <li>
            Step over the code until the execution point reaches line 73 <br/>
            <code>var vat = Utils...</code>
          </li>
        </ol>
        <p>
          <video autoplay="" poster="s6c_step_over_code.png">
            <source src="s6c_step_over_code.mp4" />
          </video>
        </p>
        <button id="backButton">Back</button>
        <button class="nextButton" onclick="buttonClick()">Next</button>
      </text>
    </step>

    <step li="9">
      <text>
        <h1 class="stepTitle">
          Stepping into code
        </h1>
        <p>
          Now, let's step into the <code>Utils.CalculateVat()</code> 
          function to see how it works:
        </p>
        <ol>
          <li>
            Press <shortcut>StepInto</shortcut> or click the <span class="menuItem">Step Into</span> button
            in the <span class="menuItem">Debug</span> window.
          </li>
          <li>
            Step over the code in the function until the execution point returns back to line 73 <br/>
            <code>var vat = Utils...</code> <br/>
            While stepping inside the <code>Utils.CalculateVat()</code>, examine the argument and variable values.
          </li>
        </ol>
        <p>
          <video autoplay="" poster="s9_step_into_code.png">
            <source src="s9_step_into_code.mp4" />
          </video>
        </p>
        <button id="backButton">Back</button>
        <button class="nextButton" onclick="buttonClick()">Next</button>
      </text>
    </step>

    <step li="10">
      <text>
        <h1 class="stepTitle">
          Resuming program
        </h1>
        <p>
          At any time, you can resume program execution. The program will 
          run till the next breakpoint. Let's create a breakpoint inside the <code>Utils.CalculateVat()</code>
          and check this out:
        </p>
        <ol>
          <li>
            Add a new breakpoint at line 36 <br/>
            <code>if (category == ...</code>
          </li>
          <li>
            Press <shortcut>Resume</shortcut> or click the <span class="menuItem">Resume Program</span> button
            in the <span class="menuItem">Debug</span> window.
          </li>
        </ol>
        <p>
          The program will stop on our newly created breakpoint.
        </p>
        <p>
          <video autoplay="" poster="s10_resuming_program.png">
            <source src="s10_resuming_program.mp4" />
          </video>
        </p>
        <button id="backButton">Back</button>
        <button class="nextButton" onclick="buttonClick()">Next</button>
      </text>
    </step>

    <step li="11">
      <text>
        <h1 class="stepTitle">
          Evaluating expressions
        </h1>
        <p>
          During debugging, you can evaluate any expression in 
          the context of the current execution point. Say, we want to evaluate the insides of our <code>if</code> block:
        </p>
        <ol>
          <li>
            Select the expression <code>category == Category.Grocery</code>.
          </li>
          <li>
            Press <shortcut>EvaluateExpression</shortcut> or select <span class="menuItem">Evaluate Expression</span>
            in the context menu.
          </li>
          <li>
            Click <span class="menuItem">Evaluate</span>.
          </li>
        </ol>
        <p>
          Note that you can evaluate <strong>any</strong> arbitrary expression. The only requirement is the 
          variables you use exist in the current context.
        </p>
        <p>
          <video autoplay="" poster="s11_evaluate_expressions.png">
            <source src="s11_evaluate_expressions.mp4" />
          </video>
        </p>
        <button id="backButton">Back</button>
        <button class="nextButton" onclick="buttonClick()">Next</button>
      </text>
    </step>

    <step li="12">
      <text>
        <h1 class="stepTitle">
          Adding watches
        </h1>
        <p>
          If you're interested how a particular expression changes during program execution, you can add it to
          <span class="menuItem">Watches</span>.
          By default, the watches are shown in the <span class="menuItem">Variables</span> tab and updated on each step
          through the application. Let's add our expression to <span class="menuItem">Watches</span>:
        </p>
        <ol>
          <li>
            In the <span class="menuItem">Evaluate</span> window, select the result of our expression.
          </li>
          <li>
            In the context menu, select <span class="menuItem">Add to Watches</span>.
          </li>
          <li>
            Close the <span class="menuItem">Evaluate</span> window. 
          </li>
          <li>
            Press <shortcut>Resume</shortcut> or click the <span class="menuItem">Resume Program</span> button
            in the <span class="menuItem">Debug</span> window.
          </li>
          <li>
            Note how the watched value changes.
          </li>
        </ol>
        <p>
          <video autoplay="" poster="s12_add_to_watches.png">
            <source src="s12_add_to_watches.mp4" />
          </video>
        </p>
        <button id="backButton">Back</button>
        <button class="nextButton" onclick="buttonClick()">Next</button>
      </text>
    </step>

    <step li="13">
      <text>
        <h1 class="stepTitle">
          Running to statement
        </h1>
        <p>
          Is it possible to pause the program at a particular line of code without setting a breakpoint? Yes, via the
          <span class="menuItem">Run to Statement</span> 
          <shortcut>RunToCursor</shortcut> / <span class="menuItem">Force Run to Statement</span> 
          <shortcut>ForceRunToCursor</shortcut>. 
          The word 'Force' means that the debugger will ignore all breakpoints "on the road" to the statement. 
          Let's try it out:
        </p>
        <ol>
          <li>
            Place the cursor at line 41 <br/>
            <code>return result;</code>
          </li>
          <li>
            Press <shortcut>RunToCursor</shortcut> or click the <span class="menuItem">Run to Statement</span> button
            in the <span class="menuItem">Debug</span> window.
          </li>
        </ol>
        <p>
          <video autoplay="" poster="s13_run_to_cursor.png">
            <source src="s13_run_to_cursor.mp4" />
          </video>
        </p>
        <button id="backButton">Back</button>
        <button class="nextButton" onclick="buttonClick()">Next</button>
      </text>
    </step>

    <step li="14">
      <text>
        <h1 class="stepTitle">
          Stopping debugging
        </h1>
        <p>
          When the debugging session is finished, you can simply stop it:
        </p>
        <ol>
          <li>
            Press <shortcut>Stop</shortcut> or click <span class="menuItem">Stop 'Default'</span> in
            the <span class="menuItem">Debug</span> window.
          </li>
        </ol>
        <p>
          <video autoplay="" poster="s14_stop_debugging.png">
            <source src="s14_stop_debugging.mp4" />
          </video>
        </p>
        <button id="backButton">Back</button>
        <button class="nextButton" onclick="buttonClick()">Next</button>
      </text>
    </step>

    <step li="15">
      <text>
        <h1 class="stepTitle">That's all!</h1>
        <p>
          Thanks for completing this tutorial! Take a look at other tutorials that cover
          basic Rider functionality.
        </p>
        <button id="backButton">Back</button>
        <button id="close">Close</button>
      </text>
    </step>
  </steps>

</tutorial>