{
    "$schema": "http://json.schemastore.org/template",
    "author": "JetBrains",
    "name": "Class Library",
    "description": "A project for creating an empty library that targets .NET Framework",
    "defaultName": "EmptyProject1",
    "classifications": ["Common", "Library", "Empty"],
    "identity": "JetBrains.Common.Empty.VB",
    "shortName": "jbempty",
    "tags": {
        "type": "project",
        "language": "VB",
        "platform": ".NET",
        "category": "Empty"
    },
    "sourceName": "VBEmptyProjectTemplate",
    "preferNameDirectory": "true",
    "guids": [
        "FFFFFFFF-FFFF-FFFF-FFFF-FFFFFFFFFFFF"
    ],
    "symbols": {
        "Framework": {
            "type": "parameter",
            "description": "The target framework for the project.",
            "datatype": "text",
            "replaces": "v4.5",
            "isRequired": "true",
            "defaultValue": "<FullTargetFramework>"
        },
        "CompanyName": {
            "type": "parameter",
            "datatype": "text",
            "replaces": "CompanyName",
            "defaultValue": "" 
        },
        "CompanyTrademark": {
            "type": "parameter",
            "datatype": "text",
            "replaces": "CompanyTrademark",
            "defaultValue": "" 
        },
        "Year": {
            "type": "generated",
            "generator": "now",
            "replaces": "Year",
            "parameters": {
                "format": "yyyy"
            }
        }
    },
    "primaryOutputs": [
        { "path": "VBEmptyProjectTemplate.vbproj" }
    ]
}