{
    "$schema": "http://json.schemastore.org/template",
    "author": "JetBrains",
    "name": "Shared Project",
    "description": "A shared project",
    "defaultName": "SharedProject1",
    "classifications": ["Common", "Shared"],
    "identity": "JetBrains.Common.Shared.CSharp",
    "shortName": "jbshared",
    "tags": {
        "type": "project",
        "language": "C#",
        "platform": ".NET"
    },
    "sourceName": "CSharpSharedProjectTemplate",
    "preferNameDirectory": "true",
    "guids": [
        "FFFFFFFF-FFFF-FFFF-FFFF-FFFFFFFFFFFF",
        "FFFFFFFF-FFFF-FFFF-FFFF-FFFFFFFFFFFA"
    ],
    "symbols": {
    },
    "primaryOutputs": [
        { "path": "CSharpSharedProjectTemplate.shproj" },
        { "path": "Class1.cs" }
    ],
    "postActions": [
        {
            "description": "Opens Class1.cs in the editor",
            "manualInstructions": [],
            "actionId": "84C0DA21-51C8-4541-9940-6CA19AF04EE6",
            "args": {
                "files": "1"
            },
            "continueOnError": true
        }
    ]
}