{
    "author": "JetBrains",
    "name": "Application",
    "description": "Xamarin.Native blank application with shared library",
    "defaultName": "App1",
    "classifications": ["App", "Xamarin.Native"],
    "identity": "JetBrains.Xamarin.Native.Shared.App",
    "shortName": "jbxamarinnativesharedapp",
    "tags": {
        "type": "project",
        "language": "C#",
        "platform": "Xamarin",
        "xamarinPlatform": "Cross Platform",
        "category": "Xamarin.Native",
        "sharedCode": "Shared Library",
        "hasMultipleProjects": "true"
    },
    "sourceName": "AppTemplate",
    "preferNameDirectory": "true",
    "guids": [
        "FFFFFFFF-FFFF-FFFF-FFFF-FFFFFFFFFFFA",
        "FFFFFFFF-FFFF-FFFF-FFFF-FFFFFFFFFFFB",
        "FFFFFFFF-FFFF-FFFF-FFFF-FFFFFFFFFFFC"
    ],
    "symbols": {
    	"XamarinFormsSdk": {
            "type": "parameter",
            "dataType": "string",
            "replaces": "XamarinFormsSdk",
            "defaultValue": "3.3.0.912540"
        },
        "TargetIOSAPI": {
            "type": "parameter",
            "datatype": "string",
            "replaces": "TargetIOSAPI",
            "isRequired": "true"
        },
        "MonoAndroidFramework": {
            "type": "parameter",
            "datatype": "text",
            "replaces": "v6.0",
            "isRequired": "true",
        },
        "TargetAndroidAPI": {
            "type": "parameter",
            "datatype": "string",
            "replaces": "TargetAndroidAPI",
            "isRequired": "true"
        },
        "MinAndroidAPI": {
            "type": "parameter",
            "datatype": "int",
            "replaces": "MinAndroidAPI",
            "defaultValue": "21"
        },
        "SupportLibVersion": {
            "type": "parameter",
            "datatype": "string",
            "replaces": "SupportLibVersion",
            "defaultValue": "27.0.2.1"
        }
    },
    "primaryOutputs": [
        { "path": "AppTemplate/AppTemplate.shproj" },
        { "path": "AppTemplate.Android/AppTemplate.Android.csproj" },
        { "path": "AppTemplate.iOS/AppTemplate.iOS.csproj" }
    ],
    "postActions": [
        {
            "description": "Restore NuGet packages required by this project.",
            "manualInstructions": [],
            "actionId": "210D431B-A78B-4D2F-B762-4ED3E3EA9025",
            "continueOnError": true
        }
    ]
}