{
    "author": "JetBrains",
    "name": "Application",
    "description": "",
    "defaultName": "IOSApp1",
    "classifications": ["iOS", "App"],
    "identity": "JetBrains.IOS.App.CSharp",
    "shortName": "jbiosapp",
    "tags": {
        "type": "project",
        "language": "C#",
        "platform": "Xamarin",
        "xamarinPlatform": "iOS"
    },
    "sourceName": "IOSApp",
    "preferNameDirectory": "true",
    "guids": [
        "FFFFFFFF-FFFF-FFFF-FFFF-FFFFFFFFFFFF"
    ],
    "symbols": {
        "TargetIOSAPI": {
            "type": "parameter",
            "datatype": "string",
            "replaces": "TargetIOSAPI",
            "isRequired": "true"
        },
    	"IOSDeviceFamily": {
            "type": "parameter",
            "datatype": "text",
            "replaces": "IOSDeviceFamily",
            "isRequired": "true" 
        },
        "CompanyName": {
            "type": "parameter",
            "datatype": "text",
            "replaces": "CompanyName",
            "defaultValue": "" 
        },
        "CompanyTrademark": {
            "type": "parameter",
            "datatype": "text",
            "replaces": "CompanyTrademark",
            "defaultValue": "" 
        },
        "Year": {
            "type": "generated",
            "generator": "now",
            "replaces": "Year",
            "parameters": {
                "format": "yyyy"
            }
        }
    },
    "primaryOutputs": [
        { "path": "IOSApp.csproj" },
        { "path": "AppDelegate.cs" }
    ],
    "postActions": [
        {
            "description": "Opens AppDelegate.cs in the editor",
            "manualInstructions": [],
            "actionId": "84C0DA21-51C8-4541-9940-6CA19AF04EE6",
            "args": {
                "files": "1"
            },
            "continueOnError": true
        }
    ]
}