{
    "$schema": "http://json.schemastore.org/template",
    "author": "JetBrains",
    "name": "Desktop Application",
    "description": "A project for creating a UWP application",
    "defaultName": "UwpApplication1",
    "classifications": ["Desktop", "UWP"],
    "identity": "JetBrains.Desktop.UWP.CSharp",
    "shortName": "jbuwp",
    "tags": {
        "type": "project",
        "language": "C#",
        "platform": ".NET",
        "category": "UWP Application",
        "OS": "Windows"
    },
    "sourceName": "CSharpUwpApplicationTemplate",
    "preferNameDirectory": "true",
    "guids": [
        "FFFFFFFF-FFFF-FFFF-FFFF-FFFFFFFFFFFF"
    ],
    "symbols": {
        "TargetPlatform": {
            "type": "parameter",
            "description": "Target platform.",
            "datatype": "text",
            "replaces": "10.0.17134.0",
            "isRequired": "true",
            "defaultValue": "10.0.17134.0"
        },
        "MinimumPlatform": {
            "type": "parameter",
            "description": "Minimum target platform.",
            "datatype": "text",
            "replaces": "10.0.15063.0",
            "isRequired": "true",
            "defaultValue": "10.0.15063.0"
        },
        "UserName": {
            "type": "parameter",
            "datatype": "text",
            "replaces": "UserName",
            "defaultValue": "" 
        },
        "CompanyName": {
            "type": "parameter",
            "datatype": "text",
            "replaces": "CompanyName",
            "defaultValue": "" 
        },
        "CompanyTrademark": {
            "type": "parameter",
            "datatype": "text",
            "replaces": "CompanyTrademark",
            "defaultValue": "" 
        },
        "Year": {
            "type": "generated",
            "generator": "now",
            "replaces": "Year",
            "parameters": {
                "format": "yyyy"
            }
        }
    },
    "primaryOutputs": [
        { "path": "CSharpUwpApplicationTemplate.csproj" },
        { "path": "MainPage.xaml" }
    ],
    "postActions": [
        {
            "description": "Opens MainPage.xaml in the editor",
            "manualInstructions": [],
            "actionId": "84C0DA21-51C8-4541-9940-6CA19AF04EE6",
            "args": {
                "files": "1"
            },
            "continueOnError": true
        },
        {
            "description": "Generates CSharpUwpApplicationTemplate_Key.pfx",
            "manualInstructions": [],
            "actionId": "F431633E-3B47-4723-9F4D-A073A0C7F865",
            "args": {
                "files": "TemporaryKey.pfx"
            },
            "continueOnError": true
        },
        {
            "description": "Restore NuGet packages required by this project.",
            "manualInstructions": [],
            "actionId": "210D431B-A78B-4D2F-B762-4ED3E3EA9025",
            "continueOnError": true
        }
    ]
}