﻿<?xml version="1.0" encoding="utf-8"?>

<tutorial>
  <currentStep>1</currentStep>
  <title>Debugging Basics Part II</title>

  <steps>
    <step li="1">
      <navigate
        runMethod="JetBrains.RiderTutorials.CodeNavigator.VideoTutorialsNavigation.NavigateTutorialDebugBasics"/>
      <text>
        <h1 class="stepTitle">
          Debugging Basics Part II
        </h1>
        <p>
          In this tutorial, you will learn more advanced debugging techniques, like how to debug exceptions, debug
          third-party assemblies, use conditional breakpoints, and more. Let's start!
        </p>
        <p>
          IMPORTANT NOTES:
          <ul>
            <li>
              <a href="https://dotnet.microsoft.com/download/dotnet-core/2.1" class="externalLink">.NET Core 2.1</a>
              must be installed on your machine.
            </li>
            <li>
              The tutorial uses its own sample solution, which does not affect your Rider configuration in any way.
            </li>
            <li>
              Please follow the instructions provided, avoiding actions other than those suggested at each step.
            </li>
          </ul>
        </p>
        <button class="nextButton" onclick="buttonClick()">Start</button>
      </text>
    </step>

    <step li="2">
      <navigate
        runMethod="JetBrains.RiderTutorials.CodeNavigator.VideoTutorialsNavigation.NavigateTutorialDebugBasics"/>
      <text>
        <h1 class="stepTitle">
          Debugging exceptions
        </h1>
        <p>
          For example, our application throws an exception during the execution:
        </p>
        <ol>
          <li>
            Run the configuration by pressing <shortcut>Run</shortcut> or clicking the
            <span class="menuItem">Run 'Default'</span>
            button.
          </li>
          <li>
            Check the output in the <span class="menuItem">Run</span> window.
          </li>
        </ol>
        <p>
          <video autoplay="" poster="s2_run_program.png">
            <source src="s2_run_program.mp4"/>
          </video>
        </p>
        <button id="backButton">Back</button>
        <button class="nextButton" onclick="buttonClick()">Next</button>
      </text>
    </step>

    <step li="3">
      <text>
        <h1 class="stepTitle">
          Debugging exceptions
        </h1>
        <p>
          To debug an exception of a particular type, you should create a special exception breakpoint. Unlike line
          breakpoints, exception breakpoints are assigned not to a certain line of code, but to a certain exception
          type. Let's create an <code>ApplicationException</code> breakpoint:
        </p>
        <ol>
          <li>
            In the main menu, select
            <span class="menuItem">Run | Stop on Exception...</span>
          </li>
          <li>
            In the window, start typing <span class="userInput">ApplicationException</span> and select
            it from the list.
          </li>
          <li>
            Click <span class="menuItem">OK</span>.
          </li>
        </ol>
        <p>
          <video autoplay="" poster="s3a_debugging_exceptions.png">
            <source src="s3ab_debugging_exceptions.mp4"/>
          </video>
        </p>
        <button id="backButton">Back</button>
        <button class="nextButton" onclick="buttonClick()">Next</button>
      </text>
    </step>

    <step li="4">
      <text>
        <h1 class="stepTitle">
          Debugging exceptions
        </h1>
        <p>
          Now, let's start debugging:
        </p>
        <ol>
          <li>
            Press <shortcut>Debug</shortcut> or click the <span class="menuItem">Debug 'Default'</span> button
            in the toolbar.
          </li>
          <li>
            Explore the stacktrace using the <span class="menuItem">Frames</span> tab of the
            <span class="menuItem">Debug</span>
            window.
          </li>
        </ol>
        <p>
        </p>
        <p>
          <video autoplay="" poster="s3c_debugging_exceptions.png">
            <source src="s3c_debugging_exceptions.mp4"/>
          </video>
        </p>
        <button id="backButton">Back</button>
        <button class="nextButton" onclick="buttonClick()">Next</button>
      </text>
    </step>

    <step li="5">
      <text>
        <h1 class="stepTitle">
          Conditional breakpoints
        </h1>
        <p>
          As we saw, the exception is thrown when a string passed to <code>PrintPrice()</code> is empty. Let's try
          out one more debugger feature called <strong>conditional breakpoints</strong>.
          Say, we want to pause program execution before <code>PrintPrice()</code> is called but
          only when the string is empty:
        </p>
        <ol>
          <li>
            Create a breakpoint on line 76 <code>PrintPrice(product...</code>:
            <br/>
            either click the left gutter near the line or put the cursor on line 76
            and press <shortcut>ToggleLineBreakpoint</shortcut>.
          </li>
          <li>
            Right click the breakpoint icon. This will open breakpoint properties.
          </li>
        </ol>
        <p>
          <video autoplay="" poster="s6a_conditional_breakpoints.png">
            <source src="s6a_conditional_breakpoints.mp4"/>
          </video>
        </p>
        <button id="backButton">Back</button>
        <button class="nextButton" onclick="buttonClick()">Next</button>
      </text>
    </step>

    <step li="6">
      <text>
        <h1 class="stepTitle">
          Conditional breakpoints
        </h1>
        <ol>
          <li>
            In breakpoint properties, in <span class="menuItem">Condition</span>,
            specify the condition:
            <br/>
            <span class="userInput">product.Name == ""</span>
          </li>
          <li>
            Click <span class="menuItem">Done</span>.
          </li>
        </ol>
        <p>
          <video autoplay="" poster="s6b_conditional_breakpoints.png">
            <source src="s6b_conditional_breakpoints.mp4"/>
          </video>
        </p>
        <button id="backButton">Back</button>
        <button class="nextButton" onclick="buttonClick()">Next</button>
      </text>
    </step>

    <step li="7">
      <text>
        <h1 class="stepTitle">
          Conditional breakpoints
        </h1>
        <p>
          Let's start debugging:
        </p>
        <ol>
          <li>
            Press <shortcut>Debug</shortcut> or click the <span class="menuItem">Debug 'Default'</span> button
            in the toolbar.
          </li>
          <li>
            Note that the breakpoint stops the execution only when the condition is met.
          </li>
        </ol>
        <p>
          <video autoplay="" poster="s6c_conditional_breakpoints.png">
            <source src="s6c_conditional_breakpoints.mp4"/>
          </video>
        </p>
        <button id="backButton">Back</button>
        <button class="nextButton" onclick="buttonClick()">Next</button>
      </text>
    </step>

    <step li="8">
      <text>
        <h1 class="stepTitle">
          Changing execution flow
        </h1>
        <p>
          Now, the program is paused before the <code>PrintPrice()</code> is called. If we resume the program, it will
          throw the
          exception and exit. What if we want to jump over this exception and see how the program executes till the end?
          No problem, you can change the execution flow using <span class="menuItem">Jump to statement</span>:
        </p>
        <ol>
          <li>
            Put the cursor right after the line that throws the exception - on line 77.
          </li>
          <li>
            Press <shortcut>JumpToStatement</shortcut> or click the
            <span class="menuItem">Jump to Statement</span>
            button in the <span class="menuItem">Debug</span> window.
          </li>
        </ol>
        <p>
          The program goes to line 77 ignoring the code on line 76.
        </p>
        <p>
          <video autoplay="" poster="s9a_changing_execution_flow.png">
            <source src="s9a_changing_execution_flow.mp4"/>
          </video>
        </p>
        <button id="backButton">Back</button>
        <button class="nextButton" onclick="buttonClick()">Next</button>
      </text>
    </step>

    <step li="9">
      <text>
        <h1 class="stepTitle">
          Changing execution flow
        </h1>
        <p>
          Let's resume the program to ensure that it works till the end without throwing the exception:
        </p>
        <ol>
          <li>
            Switch to the <span class="menuItem">Console</span> tab of the
            <span class="menuItem">Debug</span>
            window.
          </li>
          <li>
            Press <shortcut>Resume</shortcut> or click the <span class="menuItem">Resume Program</span> button
            in the <span class="menuItem">Debug</span> window.
          </li>
        </ol>
        <p>
          <video autoplay="" poster="s9b_changing_execution_flow.png">
            <source src="s9b_changing_execution_flow.mp4"/>
          </video>
        </p>
        <button id="backButton">Back</button>
        <button class="nextButton" onclick="buttonClick()">Next</button>
      </text>
    </step>

    <step li="10">
      <text>
        <h1 class="stepTitle">
          Breakpoints window
        </h1>
        <p>
          We've created a couple of breakpoints. Is it possible to see all the created breakpoints in one place and edit
          them if needed? Yes, the place is called the <span class="menuItem">Breakpoints</span> window:
        </p>
        <ol>
          <li>
            Press <shortcut>ViewBreakpoints</shortcut> or select
            <span class="menuItem">Run | View Breakpoints...</span>
            in the main menu.
          </li>
          <li>
            Take a look at the created exceptions in the <span class="menuItem">Exceptions</span> window.
          </li>
        </ol>
        <p>
          <video autoplay="" poster="s11_breakpoints_window.png">
            <source src="s11_breakpoints_window.mp4"/>
          </video>
        </p>
        <button id="backButton">Back</button>
        <button class="nextButton" onclick="buttonClick()">Next</button>
      </text>
    </step>

    <step li="11">
      <text>
        <h1 class="stepTitle">
          Breakpoints window
        </h1>
        <p>
          In the <span class="menuItem">Breakpoints</span> window, you can create, delete, and edit breakpoints.
          For example, we temporarily do not need our line breakpoint. Let's disable it:
        </p>
        <ol>
          <li>
            Select the breakpoint on the left.
          </li>
          <li>
            Clear the <span class="menuItem">Enabled</span> checkbox in the breakpoint settings.
          </li>
          <li>
            Click <span class="menuItem">Done</span>.
          </li>
          <li>
            Note that the disabled breakpoint has another gutter icon.
          </li>
        </ol>
        <p>
          <video autoplay="" poster="s12_breakpoints_window.png">
            <source src="s12_breakpoints_window.mp4"/>
          </video>
        </p>
        <button id="backButton">Back</button>
        <button class="nextButton" onclick="buttonClick()">Next</button>
      </text>
    </step>

    <step li="12">
      <text>
        <h1 class="stepTitle">
          Smart step into
        </h1>
        <p>
          There's one more debugger feature that's worth a look. It's called <strong>smart step into</strong>.
          If a line contains several nested calls, Rider lets you choose a call to step into.
          Let's try it in action:
        </p>
        <ol>
          <li>
            Set a breakpoint on line 75
            <br/>
            <code>var total = ...</code>
          </li>
          <li>
            Run debugging.
          </li>
        </ol>
        <p>
          <video autoplay="" poster="s13_smart_step_into.png">
            <source src="s13_smart_step_into.mp4"/>
          </video>
        </p>
        <button id="backButton">Back</button>
        <button class="nextButton" onclick="buttonClick()">Next</button>
      </text>
    </step>

    <step li="13">
      <text>
        <h1 class="stepTitle">
          Smart step into
        </h1>
        <ol>
          <li>
            Press <shortcut>SmartStepInto</shortcut> or click the
            <span class="menuItem">Smart Step Into</span>
            button in the <span class="menuItem">Debug</span> window.
            <br/>
            Now, you're able to choose one of the nested calls to step into.
          </li>
          <li>
            Step into <code>Utils.CalculatePriceWithVat()</code>.
          </li>
          <li>
            Step through the code and then resume the program execution.
          </li>
        </ol>
        <p>
          <video autoplay="" poster="s14_smart_step_into.png">
            <source src="s14_smart_step_into.mp4"/>
          </video>
        </p>
        <button id="backButton">Back</button>
        <button class="nextButton" onclick="buttonClick()">Next</button>
      </text>
    </step>

    <step li="14">
      <text>
        <h1 class="stepTitle">
          Debugging third-party code
        </h1>
        <p>
          But what about the <code>Math.Round()</code> call, can we really step into a third-party assembly (system
          assembly in this
          case) and debug it? With Rider, yes, we can! The ability to debug external code can be super-helpful when you
          suspect a bug is in an external library, or when this library throws an exception:
        </p>
        <ol>
          <li>
            Press <shortcut>SmartStepInto</shortcut> or click the
            <span class="menuItem">Smart Step Into</span>
            button in the <span class="menuItem">Debug</span> window.
            <br/>
          </li>
          <li>
            Step into <code>Math.Round()</code>. Once Rider decompiles the system assembly, you will be able to debug
            it.
          </li>
          <li>
            Step through the code and then resume the program execution.
          </li>
        </ol>
        <p>
          Note: The <span class="menuItem">Enable external source debug</span> option must be selected
          on the <span class="menuItem">Build, Execution, Deployment | Debugger</span> page of Rider settings.
        </p>
        <p>
          <video autoplay="" poster="s15_debugging_external_code.png">
            <source src="s15_debugging_external_code.mp4"/>
          </video>
        </p>
        <button id="backButton">Back</button>
        <button class="nextButton" onclick="buttonClick()">Next</button>
      </text>
    </step>

    <step li="15">
      <text>
        <h1 class="stepTitle">That's all!</h1>
        <p>
          Thanks for completing this tutorial! Take a look at other tutorials that cover
          basic Rider functionality.
        </p>
        <button id="backButton">Back</button>
        <button id="close">Close</button>
      </text>
    </step>
  </steps>

</tutorial>