{
    "$schema": "http://json.schemastore.org/template",
    "author": "JetBrains",
    "name": "Unit Test Project",
    "description": "A project for creating a xUnit test project",
    "defaultName": "TestProject1",
    "classifications": ["Test"],
    "identity": "JetBrains.Test.XUnit.CSharp",
    "shortName": "jbtest",
    "tags": {
        "type": "project",
        "language": "C#",
        "platform": ".NET",
        "category": "xUnit"
    },
    "sourceName": "XUnitTestProjectTemplate",
    "preferNameDirectory": "true",
    "guids": [
        "FFFFFFFF-FFFF-FFFF-FFFF-FFFFFFFFFFFF"
    ],
    "symbols": {
        "Framework": {
            "type": "parameter",
            "description": "The target framework for the project.",
            "datatype": "text",
            "replaces": "v4.5",
            "isRequired": "true",
            "defaultValue": "<FullTargetFramework>"
        },
        "RelativeSolutionPath": {
            "type": "parameter",
            "datatype": "text",
            "replaces": "SOLUTION_PATH",
            "defaultValue": ""
        },
        "CompanyName": {
            "type": "parameter",
            "datatype": "text",
            "replaces": "CompanyName",
            "defaultValue": "" 
        },
        "CompanyTrademark": {
            "type": "parameter",
            "datatype": "text",
            "replaces": "CompanyTrademark",
            "defaultValue": "" 
        },
        "Year": {
            "type": "generated",
            "generator": "now",
            "replaces": "Year",
            "parameters": {
                "format": "yyyy"
            }
        }
    },
    "primaryOutputs": [
        { "path": "XUnitTestProjectTemplate.csproj" },
        { "path": "Tests.cs" }
    ],
    "postActions": [
        {
            "description": "Opens Tests.cs in the editor",
            "manualInstructions": [],
            "actionId": "84C0DA21-51C8-4541-9940-6CA19AF04EE6",
            "args": {
                "files": "1"
            },
            "continueOnError": true
        },
        {
            "description": "Restore NuGet packages required by this project.",
            "manualInstructions": [],
            "actionId": "210D431B-A78B-4D2F-B762-4ED3E3EA9025",
            "continueOnError": true
        }
    ]
}