{
    "author": "JetBrains",
    "name": "Unit Test Project",
    "description": "",
    "defaultName": "UITestProject1",
    "classifications": ["Common", "Library", "Empty"],
    "identity": "JetBrains.CrossPlatform.Xamarin.UITest.CSharp",
    "shortName": "jbxamarinuitest",
    "tags": {
        "type": "project",
        "language": "C#",
        "platform": "Xamarin",
        "xamarinPlatform": "Cross Platform UI"
    },
    "sourceName": "CrossPlatformUITest",
    "preferNameDirectory": "true",
    "guids": [
        "FFFFFFFF-FFFF-FFFF-FFFF-FFFFFFFFFFFF"
    ],
    "symbols": {
        "Framework": {
            "type": "parameter",
            "description": "The target framework for the project.",
            "datatype": "text",
            "replaces": "v4.5",
            "isRequired": "true",
            "defaultValue": "<FullTargetFramework>"
        }
    },
    "primaryOutputs": [
        { "path": "CrossPlatformUITest.csproj" },
        { "path": "AppTests.cs" }
    ],
    "postActions": [
        {
            "description": "Opens AppTests.cs in the editor",
            "manualInstructions": [],
            "actionId": "84C0DA21-51C8-4541-9940-6CA19AF04EE6",
            "args": {
                "files": "1"
            },
            "continueOnError": true
        },
        {
            "description": "Restore NuGet packages required by this project.",
            "manualInstructions": [],
            "actionId": "210D431B-A78B-4D2F-B762-4ED3E3EA9025",
            "continueOnError": true
        }
    ]
}
