﻿<?xml version="1.0" encoding="utf-8"?>

<tutorial>
  <currentStep>1</currentStep>
  <title>Run/Debug Configurations</title>

  <steps>
    <step li="1">
      <text>
        <h1 class="stepTitle">
          Run/debug Configurations
        </h1>
        <p>
          How should you run/debug code in Rider? Using run/debug configurations! This tutorial will help
          you get started.
        </p>
        <p>
          IMPORTANT NOTES:
          <ul>
            <li>
              <a href="https://dotnet.microsoft.com/download/dotnet-core/2.1" class="externalLink">.NET Core 2.1</a>
              must be installed on your machine.
            </li>
            <li>
              The tutorial uses its own sample solution, which does not affect your Rider configuration in any way.
            </li>
            <li>
              Please follow the instructions provided, avoiding actions other than those suggested at each step.
            </li>
          </ul>
        </p>
        <button class="nextButton" onclick="buttonClick()">Start</button>
      </text>
    </step>

    <step li="2">
      <navigate runMethod="JetBrains.RiderTutorials.CodeNavigator.VideoTutorialsNavigation.NavigateTutorialRunConfigs"/>
      <text>
        <h1 class="stepTitle">
          What is a run/debug configuration?
        </h1>
        <p>
          Shortly speaking, it is a concept used to simplify running and debugging code.
        </p>
        <img src="run_debug_config_location.png"/>
        <p>
          Take a look at the top right corner of Rider:
          <span class="menuItem">Default</span>
          is the currently selected run/debug configuration.
        </p>
        <button id="backButton">Back</button>
        <button class="nextButton" onclick="buttonClick()">Next</button>
      </text>
    </step>

    <step li="3">
      <navigate runMethod="JetBrains.RiderTutorials.CodeNavigator.VideoTutorialsNavigation.NavigateTutorialRunConfigs"/>
      <text>
        <h1 class="stepTitle">
          What is a run/debug configuration?
        </h1>
        <p>
          More specifically, run/debug configuration is a set of run/debug startup properties of a project,
          like a .NET Framework version, app arguments (for console apps), a URL to open
          (for web apps), and so on.
        </p>
        <ol>
          <li>
            Click <span class="menuItem">Default</span> and then
            <span class="menuItem">Edit Configurations…</span>
            to open the configurations editor window.
          </li>
          <li>
            Take a look at the configuration. It specifies:
            <ul>
              <li><span class="menuItem">Project to launch</span>: ConsoleApp
              </li>
              <li><span class="menuItem">Target Framework</span>: .NET Core 2.1
              </li>
              <li><span class="menuItem">Exe path</span>: which assembly should be run
              </li>
              <li><span class="menuItem">Program arguments</span>: we don't have any yet.
              </li>
              <li>Other settings…</li>
            </ul>
          </li>
          <li>
            Note the extremely important <span class="menuItem">Before launch</span> settings.
            They specify what should be done before running the
            config. In our case, it's just <span class="menuItem">Build project</span>.
            But you can use them for much more complex scenarios, like
            running some external tool, another run/debug configuration, Gulp or Grant, and many others.
          </li>
          <li>
            Close the configurations window.
          </li>
        </ol>
        <p>
          <video autoplay="">
            <source src="open_run_config.mp4" poster="open_run_config.png"/>
          </video>
        </p>
        <button id="backButton">Back</button>
        <button class="nextButton" onclick="buttonClick()">Next</button>
      </text>
    </step>

    <step li="4">
      <navigate runMethod="JetBrains.RiderTutorials.CodeNavigator.VideoTutorialsNavigation.NavigateTutorialRunConfigs"/>
      <text>
        <h1 class="stepTitle">
          What is a run/debug configuration?
        </h1>
        <p>
          Let's run the <span class="menuItem">Default</span> run/debug configuration to see how it works with
          our simple "Hello World" console app.
          As we saw on the previous step, the <span class="menuItem">Default</span> config runs it without any arguments.
        </p>
        <ol>
          <li>
            Run the configuration using the <span class="menuItem">Run 'Default'</span> button.
          </li>
        </ol>
        <p>
          <video autoplay="">
            <source src="run_default_run_config.mp4" poster="run_default_run_config.png"/>
          </video>
        </p>
        <button id="backButton">Back</button>
        <button class="nextButton" onclick="buttonClick()">Next</button>
      </text>
    </step>

    <step li="5">
      <navigate runMethod="JetBrains.RiderTutorials.CodeNavigator.VideoTutorialsNavigation.NavigateTutorialRunConfigs"/>
      <text>
        <h1 class="stepTitle">
          Multiple run/debug configurations
        </h1>
        <p>
          A project can have any number of run/debug configurations. Let's add a new run/debug configuration that runs
          our console app with the <code>DE</code> argument:
        </p>
        <ol>
          <li>
            Click <span class="menuItem">Default</span> and then
            <span class="menuItem">Edit Configurations…</span>
            to open the configurations editor window.
          </li>
          <li>
            Copy the <span class="menuItem">Default</span> configuration by clicking
            <span class="menuItem">Copy Configuration</span>.
          </li>
          <li>
            Rename the configuration to <span class="menuItem">Default DE</span>.
          </li>
          <li>
            Add the <span class="userInput">DE</span> argument to <span class="menuItem">Program arguments</span>.
          </li>
          <li>
            Click <span class="menuItem">OK</span>.
          </li>
        </ol>
        <p>
          <video autoplay="">
            <source src="create_config_new_params.mp4" poster="create_config_new_params.png"/>
          </video>
        </p>
        <button id="backButton">Back</button>
        <button class="nextButton" onclick="buttonClick()">Next</button>
      </text>
    </step>

    <step li="6">
      <navigate runMethod="JetBrains.RiderTutorials.CodeNavigator.VideoTutorialsNavigation.NavigateTutorialRunConfigs"/>
      <text>
        <h1 class="stepTitle">
          Multiple run/debug configurations
        </h1>
        <p>
          The new <span class="menuItem">Default DE</span> configuration is added to the list on the toolbar.
          Let's run it:
        </p>
        <ol>
          <li>
            Make sure the <span class="menuItem">Default DE</span> configuration is selected on the toolbar.
          </li>
          <li>
            Run the configuration using the <span class="menuItem">Run 'Default DE'</span> button.
          </li>
        </ol>
        <p>
          <video autoplay="">
            <source src="run_default_de_config.mp4" poster="run_default_de_config.png"/>
          </video>
        </p>
        <button id="backButton">Back</button>
        <button class="nextButton" onclick="buttonClick()">Next</button>
      </text>
    </step>

    <step li="7">
      <text>
        <h1 class="stepTitle">
          Various types of run/debug configurations
        </h1>
        <p>
          Depending on the application type, you can create various types of run/debug configs using the built-in
          templates. For example, let's add one more project to our solution: an ASP.NET Core web API application.
          Note that you must have
          <a href="https://dotnet.microsoft.com/download/dotnet-core/2.1" class="externalLink">ASP .NET Core</a>
          installed on your machine.
        </p>
        <ol>
          <li>
            In the context menu of the <span class="menuItem">RunDebugConfigTutorial</span> solution, select
            <span>Add | New Project...</span>.
          </li>
          <li>
            Select <span class="menuItem">ASP.NET Core Web Application</span>.
          </li>
          <li>
            Specify <span class="userInput">WebApp</span> as a <span class="menuItem">Project name</span>
            and click <span class="menuItem">Create</span>.
          </li>
        </ol>
        <p>
          <video autoplay="">
            <source src="add_new_project.mp4" poster="add_new_project.png"/>
          </video>
        </p>
        <button id="backButton">Back</button>
        <button class="nextButton" onclick="buttonClick()">Next</button>
      </text>
    </step>

    <step li="8">
      <text>
        <h1 class="stepTitle">
          Various types of run/debug configurations
        </h1>
        <p>
          Actually, we can configure and run ASP .NET Core projects using the <span class="menuItem">.NET Project</span> config
          type.
          But, web apps are typically configured via <code>launchSettings.json</code> files. And there's
          a separate run/debug configuration for this! It is called
          <span class="menuItem">.NET Launch Settings Profile</span>:
        </p>
        <ol>
          <li>
            Click <span class="menuItem">Default DE</span> and then
            <span class="menuItem">Edit Configurations…</span>
            to open the configurations editor window.
          </li>
          <li>
            Click
            <span class="menuItem">Add New Configuration</span> and select
            <span class="menuItem">.NET Launch Settings Profile</span> from the list.
          </li>
          <li>
            Make sure <span class="menuItem">WebApp</span> is set in <span class="menuItem">Project</span>.
          </li>
          <li>
            Rename the configuration to <span class="menuItem">WebApp</span>. 
          </li>
          <li>
            In <span class="menuItem">Launch profile</span>, select <span class="menuItem">WebApp (Project)</span>
            (our project template already goes with a .json config file).
          </li>
          <li>
            Click <span class="menuItem">OK</span>.
          </li>
        </ol>
        <p>
          <video autoplay="">
            <source src="create_config_launch_profile.mp4" poster="create_config_launch_profile.png"/>
          </video>
        </p>
        <button id="backButton">Back</button>
        <button class="nextButton" onclick="buttonClick()">Next</button>
      </text>
    </step>

    <step li="9">
      <text>
        <h1 class="stepTitle">
          Various types of run/debug configurations
        </h1>
        <p>
          The result of running this run/debug configuration is running the application using the built-in web server.
        </p>
        <ol>
          <li>
            Make sure the <span class="menuItem">WebApp</span> configuration is selected on the toolbar.
          </li>
          <li>
            Run the configuration using the <span class="menuItem">Run 'WebApp'</span> button.
          </li>
        </ol>
        <p>
          <video autoplay="">
            <source src="run_web_app_run_config.mp4" poster="run_web_app_run_config.png"/>
          </video>
        </p>
        <button id="backButton">Back</button>
        <button class="nextButton" onclick="buttonClick()">Next</button>
      </text>
    </step>

    <step li="10">
      <text>
        <h1 class="stepTitle">That's all!</h1>
        <p>
          Thanks for completing this tutorial! Take a look at other tutorials that cover
          basic Rider functionality.
        </p>
        <button id="backButton">Back</button>
        <button id="close">Close</button>
      </text>
    </step>
  </steps>

</tutorial>