{
    "$schema": "http://json.schemastore.org/template",
    "author": "JetBrains",
    "name": "Class Library",
    "description": "A project for creating a class library that targets .NET Framework",
    "defaultName": "ClassLibrary1",
    "classifications": ["Common", "Library"],
    "identity": "JetBrains.Common.Library.CSharp",
    "shortName": "jbclasslib",
    "tags": {
        "type": "project",
        "language": "C#",
        "platform": ".NET"
    },
    "sourceName": "CSharpClassLibraryTemplate",
    "preferNameDirectory": "true",
    "guids": [
        "FFFFFFFF-FFFF-FFFF-FFFF-FFFFFFFFFFFF"
    ],
    "symbols": {
        "Framework": {
            "type": "parameter",
            "description": "The target framework for the project.",
            "datatype": "text",
            "replaces": "v4.5",
            "isRequired": "true",
            "defaultValue": "<FullTargetFramework>"
        },
        "CompanyName": {
            "type": "parameter",
            "datatype": "text",
            "replaces": "CompanyName",
            "defaultValue": "" 
        },
        "CompanyTrademark": {
            "type": "parameter",
            "datatype": "text",
            "replaces": "CompanyTrademark",
            "defaultValue": "" 
        },
        "Year": {
            "type": "generated",
            "generator": "now",
            "replaces": "Year",
            "parameters": {
                "format": "yyyy"
            }
        }
    },
    "primaryOutputs": [
        { "path": "CSharpClassLibraryTemplate.csproj" },
        { "path": "Class1.cs" }
    ],
    "postActions": [
        {
            "description": "Opens Class1.cs in the editor",
            "manualInstructions": [],
            "actionId": "84C0DA21-51C8-4541-9940-6CA19AF04EE6",
            "args": {
                "files": "1"
            },
            "continueOnError": true
        }
    ]
}