{
    "$schema": "http://json.schemastore.org/template",
    "author": "JetBrains",
    "name": "Class Library",
    "description": "A project for creating an empty library that targets .NET Framework",
    "defaultName": "EmptyProject1",
    "classifications": ["Common", "Library", "Empty"],
    "identity": "JetBrains.Common.Empty.CSharp",
    "shortName": "jbempty",
    "tags": {
        "type": "project",
        "language": "C#",
        "platform": ".NET",
        "category": "Empty"
    },
    "sourceName": "CSharpEmptyProjectTemplate",
    "preferNameDirectory": "true",
    "guids": [
        "FFFFFFFF-FFFF-FFFF-FFFF-FFFFFFFFFFFF"
    ],
    "symbols": {
        "Framework": {
            "type": "parameter",
            "description": "The target framework for the project.",
            "datatype": "text",
            "replaces": "v4.5",
            "isRequired": "true",
            "defaultValue": "<FullTargetFramework>"
        }
    },
    "primaryOutputs": [
        { "path": "CSharpEmptyProjectTemplate.csproj" }
    ]
}