{
    "author": "JetBrains",
    "name": "Library",
    "description": "",
    "defaultName": "BindingsLibrary1",
    "classifications": ["tvOS", "Library"],
    "identity": "JetBrains.TvOS.BindingsLibrary.CSharp",
    "shortName": "jbtvoslib",
    "tags": {
        "type": "project",
        "language": "C#",
        "platform": "Xamarin",
        "xamarinPlatform": "tvOS",
        "category": "Bindings Library"
    },
    "sourceName": "TvOSBindingsLibrary",
    "preferNameDirectory": "true",
    "guids": [
        "FFFFFFFF-FFFF-FFFF-FFFF-FFFFFFFFFFFF"
    ],
    "symbols": {
        "CompanyName": {
            "type": "parameter",
            "datatype": "text",
            "replaces": "CompanyName",
            "defaultValue": "" 
        },
        "CompanyTrademark": {
            "type": "parameter",
            "datatype": "text",
            "replaces": "CompanyTrademark",
            "defaultValue": "" 
        },
        "Year": {
            "type": "generated",
            "generator": "now",
            "replaces": "Year",
            "parameters": {
                "format": "yyyy"
            }
        }
    },
    "primaryOutputs": [
        { "path": "TvOSBindingsLibrary.csproj" }
    ]
}