{
    "author": "JetBrains",
    "name": "Application",
    "description": "",
    "defaultName": "MacOSApp1",
    "classifications": ["macOS", "App"],
    "identity": "JetBrains.MacOS.App.CSharp",
    "shortName": "jbmacosapp",
    "tags": {
        "type": "project",
        "language": "C#",
        "platform": "Xamarin",
        "xamarinPlatform": "macOS"
    },
    "sourceName": "MacOSApp",
    "preferNameDirectory": "true",
    "guids": [
        "FFFFFFFF-FFFF-FFFF-FFFF-FFFFFFFFFFFF"
    ],
    "symbols": {
        "TargetMacOSAPI": {
            "type": "parameter",
            "datatype": "string",
            "replaces": "TargetMacOSAPI",
            "isRequired": "true"
        }
    },
    "primaryOutputs": [
        { "path": "MacOSApp.csproj" },
        { "path": "ViewController.cs" }
    ],
    "postActions": [
        {
            "description": "Opens ViewController.cs in the editor",
            "manualInstructions": [],
            "actionId": "84C0DA21-51C8-4541-9940-6CA19AF04EE6",
            "args": {
                "files": "1"
            },
            "continueOnError": true
        }
    ]
}