{
    "$schema": "http://json.schemastore.org/template",
    "author": "JetBrains",
    "name": "Desktop Application",
    "description": "A project for creating a WPF application that targets .NET Framework",
    "defaultName": "WpfApplication1",
    "classifications": ["Desktop", "WPF"],
    "identity": "JetBrains.Desktop.WPF.CSharp",
    "shortName": "jbwpf",
    "tags": {
        "type": "project",
        "language": "C#",
        "platform": ".NET",
        "category": "WPF Application",        
        "OS": "Windows"
    },
    "sourceName": "CSharpWpfApplicationTemplate",
    "preferNameDirectory": "true",
    "guids": [
        "FFFFFFFF-FFFF-FFFF-FFFF-FFFFFFFFFFFF"
    ],
    "symbols": {
        "Framework": {
            "type": "parameter",
            "description": "The target framework for the project.",
            "datatype": "text",
            "replaces": "v4.5",
            "isRequired": "true",
            "defaultValue": "<FullTargetFramework>[v3.5-]"
        },
        "CompanyName": {
            "type": "parameter",
            "datatype": "text",
            "replaces": "CompanyName",
            "defaultValue": "" 
        },
        "CompanyTrademark": {
            "type": "parameter",
            "datatype": "text",
            "replaces": "CompanyTrademark",
            "defaultValue": "" 
        },
        "Year": {
            "type": "generated",
            "generator": "now",
            "replaces": "Year",
            "parameters": {
                "format": "yyyy"
            }
        }
    },
    "primaryOutputs": [
        { "path": "CSharpWpfApplicationTemplate.csproj" },
        { "path": "MainWindow.xaml" }
    ],
    "postActions": [
        {
            "description": "Opens MainWindow.xaml in the editor",
            "manualInstructions": [],
            "actionId": "84C0DA21-51C8-4541-9940-6CA19AF04EE6",
            "args": {
                "files": "1"
            },
            "continueOnError": true
        }
    ]
}