{
    "$schema": "http://json.schemastore.org/template",
    "author": "JetBrains",
    "name": "ASP.NET Web Application",
    "description": "A project for creating a ASP.NET MVC web application that targets .NET Framework",
    "defaultName": "WebApplication1",
    "classifications": ["Web", "MVC"],
    "identity": "JetBrains.Web.MVC.CSharp",
    "shortName": "jbmvc",
    "tags": {
        "type": "project",
        "language": "C#",
        "platform": ".NET"
    },
    "sourceName": "CSharpMvcWebApplication",
    "preferNameDirectory": "true",
    "guids": [
        "FFFFFFFF-FFFF-FFFF-FFFF-FFFFFFFFFFFF"
    ],
    "symbols": {
    	"Framework": {
            "type": "parameter",
            "description": "The target framework for the project.",
            "datatype": "text",
            "replaces": "v4.7.2",
            "isRequired": "true",
            "defaultValue": "<FullTargetFramework>[v4.5-]"
        },
        "RelativeSolutionPath": {
            "type": "parameter",
            "datatype": "text",
            "replaces": "SOLUTION_PATH",
            "defaultValue": ""
        },
        "MvcWebApp_FrameworkShortFolderName": {
            "type": "parameter",
            "datatype": "string",
            "replaces": "net472",
            "defaultValue": "net472"
        },
        "MvcWebApp_FrameworkVersionWithoutPrefix": {
            "type": "parameter",
            "datatype": "string",
            "replaces": "4.7.2",
            "defaultValue": "4.7.2"
        },
        "MvcWebApp_DotNetCompilerPlatformFrameworkVersion": {
            "type": "parameter",
            "datatype": "string",
            "replaces": "DotNetCompilerPlatformFrameworkVersion",
            "defaultValue": "net46"
        },
        "CompanyName": {
            "type": "parameter",
            "datatype": "text",
            "replaces": "CompanyName",
            "defaultValue": ""
        },
        "CompanyTrademark": {
            "type": "parameter",
            "datatype": "text",
            "replaces": "CompanyTrademark",
            "defaultValue": ""
        },
        "Year": {
            "type": "generated",
            "generator": "now",
            "replaces": "Year",
            "parameters": {
                "format": "yyyy"
            }
        }
    },
    "primaryOutputs": [
        { "path": "CSharpMvcWebApplication.csproj" },
        { "path": "Controllers/HomeController.cs" }
    ],
    "postActions": [
        {
            "description": "Opens HomeController.cs in the editor",
            "manualInstructions": [],
            "actionId": "84C0DA21-51C8-4541-9940-6CA19AF04EE6",
            "args": {
                "files": "1"
            },
            "continueOnError": true
        },
        {
            "description": "Restore NuGet packages required by this project.",
            "manualInstructions": [],
            "actionId": "210D431B-A78B-4D2F-B762-4ED3E3EA9025",
            "continueOnError": true
        }
    ]
}