{
    "author": "JetBrains",
    "name": "Application",
    "description": "",
    "defaultName": "AndroidBlankApp1",
    "classifications": ["Android", "Wear", "App"],
    "identity": "JetBrains.Android.BlankApp.CSharp",
    "shortName": "jbandroidapp",
    "tags": {
        "type": "project",
        "language": "C#",
        "platform": "Xamarin",
        "xamarinPlatform": "Android",
        "category": "Native"
    },
    "sourceName": "AndroidBlankApp",
    "preferNameDirectory": "true",
    "guids": [
        "FFFFFFFF-FFFF-FFFF-FFFF-FFFFFFFFFFFF"
    ],
    "symbols": {   
        "MonoAndroidFramework": {
            "type": "parameter",
            "datatype": "text",
            "replaces": "v6.0",
            "isRequired": "true",
        },
        "TargetAndroidAPI": {
            "type": "parameter",
            "datatype": "string",
            "replaces": "TargetAndroidAPI",
            "isRequired": "true"
        },
        "MinAndroidAPI": {
            "type": "parameter",
            "datatype": "int",
            "replaces": "MinAndroidAPI",
            "defaultValue": "21"
        },
        "SupportLibVersion": {
            "type": "parameter",
            "datatype": "string",
            "replaces": "SupportLibVersion",
            "defaultValue": "27.0.2.1"
        },
        "CompanyName": {
            "type": "parameter",
            "datatype": "text",
            "replaces": "CompanyName",
            "defaultValue": "" 
        },
        "CompanyTrademark": {
            "type": "parameter",
            "datatype": "text",
            "replaces": "CompanyTrademark",
            "defaultValue": "" 
        },
        "Year": {
            "type": "generated",
            "generator": "now",
            "replaces": "Year",
            "parameters": {
                "format": "yyyy"
            }
        }        
    },
    "primaryOutputs": [
        { "path": "AndroidBlankApp.csproj" },
        { "path": "MainActivity.cs" }
    ],
    "postActions": [
		{
            "description": "Restore NuGet packages required by this project.",
            "manualInstructions": [],
            "actionId": "210D431B-A78B-4D2F-B762-4ED3E3EA9025",
            "continueOnError": true
        },
        {
            "description": "Opens MainActivity.cs in the editor",
            "manualInstructions": [],
            "actionId": "84C0DA21-51C8-4541-9940-6CA19AF04EE6",
            "args": {
                "files": "1"
            },
            "continueOnError": true
        }
    ]
}