{
    "author": "JetBrains",
    "name": "Application",
    "description": "A project for creating a Xamarin WatchOS Application",
    "defaultName": "WatchOSApp1",
    "classifications": ["watchOS", "App"],
    "identity": "JetBrains.Xamarin.WatchOS.App",
    "shortName": "jbwatchosapp",
    "tags": {
        "type": "project",
        "language": "C#",
        "platform": "Xamarin",
        "xamarinPlatform": "watchOS",
        "hasMultipleProjects": "true"
    },
    "sourceName": "WatchOSAppTemplate",
    "preferNameDirectory": "true",
    "guids": [
        "FFFFFFFF-FFFF-FFFF-FFFF-FFFFFFFFFFFA",
        "FFFFFFFF-FFFF-FFFF-FFFF-FFFFFFFFFFFB"
    ],
    "symbols": {
    },
    "primaryOutputs": [
        { "path": "WatchOSAppTemplate.WatchOSApp/WatchOSAppTemplate.WatchOSApp.csproj" },
        { "path": "WatchOSAppTemplate.WatchOSExtension/WatchOSAppTemplate.WatchOSExtension.csproj" },
        { "path": "WatchOSAppTemplate.WatchOSExtension/ExtensionDelegate.cs" }
    ],
    "postActions": [
        {
            "description": "Opens ExtensionDelegate.cs in the editor",
            "manualInstructions": [],
            "actionId": "84C0DA21-51C8-4541-9940-6CA19AF04EE6",
            "args": {
                "files": "2"
            },
            "continueOnError": true
        }
    ]
}