{
    "author": "JetBrains",
    "name": "Library",
    "description": "",
    "defaultName": "ClassLibrary1",
    "classifications": ["macOS", "Library"],
    "identity": "JetBrains.MacOS.ClassLibrary.CSharp",
    "shortName": "jbmacoslib",
    "tags": {
        "type": "project",
        "language": "C#",
        "platform": "Xamarin",
        "xamarinPlatform": "macOS",
        "category": "Class Library",
    },
    "sourceName": "MacOSClassLibrary",
    "preferNameDirectory": "true",
    "guids": [
        "FFFFFFFF-FFFF-FFFF-FFFF-FFFFFFFFFFFF"
    ],
    "symbols": {
        "CompanyName": {
            "type": "parameter",
            "datatype": "text",
            "replaces": "CompanyName",
            "defaultValue": "" 
        },
        "CompanyTrademark": {
            "type": "parameter",
            "datatype": "text",
            "replaces": "CompanyTrademark",
            "defaultValue": "" 
        },
        "Year": {
            "type": "generated",
            "generator": "now",
            "replaces": "Year",
            "parameters": {
                "format": "yyyy"
            }
        }
    },
    "primaryOutputs": [
        { "path": "MacOSClassLibrary.csproj" },
        { "path": "Class1.cs" }
    ],
    "postActions": [
        {
            "description": "Opens Class1.cs in the editor",
            "manualInstructions": [],
            "actionId": "84C0DA21-51C8-4541-9940-6CA19AF04EE6",
            "args": {
                "files": "1"
            },
            "continueOnError": true
        }
    ]
}