{
    "$schema": "http://json.schemastore.org/template",
    "author": "JetBrains",
    "name": "Unit Test Project",
    "description": "",
    "defaultName": "IOSTestProject1",
    "classifications": ["iOS", "UnitTest"],
    "identity": "JetBrains.IOS.UnitTest.CSharp",
    "shortName": "jbiostest",
    "tags": {
        "type": "project",
        "language": "C#",
        "platform": "Xamarin",
        "xamarinPlatform": "iOS"
    },
    "sourceName": "IOSUnitTestProject",
    "preferNameDirectory": "true",
    "guids": [
        "FFFFFFFF-FFFF-FFFF-FFFF-FFFFFFFFFFFF"
    ],
    "symbols": {
        "TargetIOSAPI": {
            "type": "parameter",
            "datatype": "string",
            "replaces": "TargetIOSAPI",
            "isRequired": "true"
        },
        "IOSDeviceFamily": {
            "type": "parameter",
            "datatype": "text",
            "replaces": "IOSDeviceFamily",
            "isRequired": "true" 
        }
    },
    "primaryOutputs": [
        { "path": "IOSUnitTestProject.csproj" },
        { "path": "UnitTestAppDelegate.cs" }
    ],
    "postActions": [
        {
            "description": "Opens UnitTestAppDelegate.cs in the editor",
            "manualInstructions": [],
            "actionId": "84C0DA21-51C8-4541-9940-6CA19AF04EE6",
            "args": {
                "files": "1"
            },
            "continueOnError": true
        }
    ]
}