{
    "author": "JetBrains",
    "name": "Library",
    "description": "",
    "defaultName": "BindingsLibrary1",
    "classifications": ["Android", "Library"],
    "identity": "JetBrains.Android.BindingsLibrary.CSharp",
    "shortName": "jbandroidlib",
    "tags": {
        "type": "project",
        "language": "C#",
        "platform": "Xamarin",
        "xamarinPlatform": "Android",
        "category": "Bindings Library"
    },
    "sourceName": "AndroidBindingsLibrary",
    "preferNameDirectory": "true",
    "guids": [
        "FFFFFFFF-FFFF-FFFF-FFFF-FFFFFFFFFFFF"
    ],
    "symbols": {
        "MonoAndroidFramework": {
            "type": "parameter",
            "datatype": "text",
            "replaces": "v6.0",
            "isRequired": "true",
        },
        "TargetAndroidAPI": {
            "type": "parameter",
            "datatype": "string",
            "replaces": "TargetAndroidAPI",
            "isRequired": "true"
        },
        "CompanyName": {
            "type": "parameter",
            "datatype": "text",
            "replaces": "CompanyName",
            "defaultValue": "" 
        },
        "CompanyTrademark": {
            "type": "parameter",
            "datatype": "text",
            "replaces": "CompanyTrademark",
            "defaultValue": "" 
        },
        "Year": {
            "type": "generated",
            "generator": "now",
            "replaces": "Year",
            "parameters": {
                "format": "yyyy"
            }
        }
    },
    "primaryOutputs": [
        { "path": "AndroidBindingsLibrary.csproj" }
    ]
}